Index Name,Date,Open_spot,High_spot,Low_spot,Close_spot,Symbol,Expiry,Open_fut,High_fut,Low_fut,Close_fut,LTP_x,Settle Price,No. of contracts,Turnover * in   â‚¹ Lakhs,Open Int,Change in OI,Underlying Value,DaysToExpiry,TradeDate,STRIKE,LTP_y,IV,VOLUME,OI,CHNG IN OI,OptionType,ATM,EMA_5,EMA_15,Spot_Return,Futures_Return,Futures_Basis,Delta,Gamma,Theta,Vega,Rho,PCR_OI,PCR_VOLUME,Gamma_Exposure,Call_IV,Put_IV,Average_IV,IV_Spread,Call_Delta,Put_Delta,Delta_Neutral_Ratio
NIFTY 50,2025-01-14,23165.9,23264.95,23134.15,23176.05,,,,,,,,,,,,,,,2025-01-14,,,,,,,,,23176.05,23176.05,,,,,,,,,,,,,,,,,,
NIFTY 50,2025-01-15,23250.45,23293.65,23146.45,23213.2,,,,,,,,,,,,,,,2025-01-15,,,,,,,,,23188.433333333334,23180.693750000002,0.0016016645210618786,,,,,,,,,,,,,,,,,
NIFTY 50,2025-01-16,23377.25,23391.65,23272.05,23311.8,,,,,,,,,,,,,,,2025-01-16,,,,,,,,,23229.55555555556,23197.08203125,0.004238587753573933,,,,,,,,,,,,,,,,,
NIFTY 50,2025-01-17,23277.1,23292.1,23100.35,23203.2,,,,,,,,,,,,,,,2025-01-17,,,,,,,,,23220.770370370374,23197.84677734375,-0.004669469948432585,,,,,,,,,,,,,,,,,
NIFTY 50,2025-01-20,23290.4,23391.1,23170.65,23344.75,,,,,,,,,,,,,,,2025-01-20,,,,,,,,,23262.09691358025,23216.209680175783,0.006081919239174112,,,,,,,,,,,,,,,,,
NIFTY 50,2025-01-21,23421.65,23426.3,22976.85,23024.65,,,,,,,,,,,,,,,2025-01-21,,,,,,,,,23182.947942386836,23192.26472015381,-0.013806738277095545,,,,,,,,,,,,,,,,,
NIFTY 50,2025-01-22,23099.15,23169.55,22981.3,23155.35,,,,,,,,,,,,,,,2025-01-22,,,,,,,,,23173.74862825789,23187.650380134583,0.005660474187066116,,,,,,,,,,,,,,,,,
NIFTY 50,2025-01-23,23128.3,23270.8,23090.65,23205.35,,,,,,,,,,,,,,,2025-01-23,,,,,,,,,23184.282418838593,23189.86283261776,0.0021570001913706685,,,,,,,,,,,,,,,,,
NIFTY 50,2025-01-24,23183.9,23347.3,23050.0,23092.2,,,,,,,,,,,,,,,2025-01-24,,,,,,,,,23153.588279225733,23177.65497854054,-0.004887957366329596,,,,,,,,,,,,,,,,,
NIFTY 50,2025-01-27,22940.15,23007.45,22786.9,22829.15,,,,,,,,,,,,,,,2025-01-27,,,,,,,,,23045.44218615049,23134.09185622297,-0.011456670033394137,,,,,,,,,,,,,,,,,
NIFTY 50,2025-01-28,22960.45,23137.95,22857.65,22957.25,,,,,,,,,,,,,,,2025-01-28,,,,,,,,,23016.044790766995,23111.9866241951,0.0055955626228530505,,,,,,,,,,,,,,,,,
NIFTY 50,2025-01-29,23026.75,23183.35,22976.5,23163.1,,,,,,,,,,,,,,,2025-01-29,,,,,,,,,23065.063193844664,23118.375796170712,0.008926704456753254,,,,,,,,,,,,,,,,,
NIFTY 50,2025-01-30,23169.5,23322.05,23139.2,23249.5,,,,,,,,,,,,,,,2025-01-30,,,,,,,,,23126.542129229776,23134.766321649375,0.0037231312102430775,,,,,,,,,,,,,,,,,
NIFTY 50,2025-01-31,23296.75,23546.8,23277.4,23508.4,,,,,,,,,,,,,,,2025-01-31,,,,,,,,,23253.828086153186,23181.470531443203,0.011074177663955638,,,,,,,,,,,,,,,,,
NIFTY 50,2025-02-01,23528.6,23632.45,23318.3,23482.15,,,,,,,,,,,,,,,2025-02-01,,,,,,,,,23329.93539076879,23219.055465012803,-0.0011172460305538994,,,,,,,,,,,,,,,,,
NIFTY 50,2025-02-03,23319.35,23381.6,23222.0,23361.05,,,,,,,,,,,,,,,2025-02-03,,,,,,,,,23340.306927179197,23236.804781886203,-0.005170452479175173,,,,,,,,,,,,,,,,,
NIFTY 50,2025-02-04,23509.9,23762.75,23423.15,23739.25,,,,,,,,,,,,,,,2025-02-04,,,,,,,,,23473.2879514528,23299.61043415043,0.016059690853104273,,,,,,,,,,,,,,,,,
NIFTY 50,2025-02-05,23801.75,23807.3,23680.45,23696.3,,,,,,,,,,,,,,,2025-02-05,,,,,,,,,23547.625300968535,23349.196629881622,-0.0018108786231885072,,,,,,,,,,,,,,,,,
NIFTY 50,2025-02-06,23761.95,23773.55,23556.25,23603.35,,,,,,,,,,,,,,,2025-02-06,,,,,,,,,23566.20020064569,23380.96580114642,-0.003930266699640655,,,,,,,,,,,,,,,,,
NIFTY 50,2025-02-07,23649.5,23694.5,23443.2,23559.95,,,,,,,,,,,,,,,2025-02-07,,,,,,,,,23564.11680043046,23403.33882600312,-0.0018404145702315485,,,,,,,,,,,,,,,,,
NIFTY 50,2025-02-10,23543.8,23568.6,23316.3,23381.6,,,,,,,,,,,,,,,2025-02-10,,,,,,,,,23503.277866953642,23400.62147275273,-0.007598848278210316,,,,,,,,,,,,,,,,,
NIFTY 50,2025-02-11,23383.55,23390.05,22986.65,23071.8,,,,,,,,,,,,,,,2025-02-11,,,,,,,,,23359.45191130243,23359.518788658635,-0.013338295712820561,,,,,,,,,,,,,,,,,
NIFTY 50,2025-02-12,23050.8,23144.7,22798.35,23045.25,,,,,,,,,,,,,,,2025-02-12,,,,,,,,,23254.717940868286,23320.235190076306,-0.0011514180951839536,,,,,,,,,,,,,,,,,
NIFTY 50,2025-02-13,23055.75,23235.5,22992.2,23031.4,,,,,,,,,,,,,,,2025-02-13,,,,,,,,,23180.278627245527,23284.130791316766,-0.0006011721953363763,,,,,,,,,,,,,,,,,
NIFTY 50,2025-02-14,23096.45,23133.7,22774.85,22929.25,,,,,,,,,,,,,,,2025-02-14,,,,,,,,,23096.602418163686,23239.77069240217,-0.0044451141660866375,,,,,,,,,,,,,,,,,
NIFTY 50,2025-02-17,22809.9,22974.2,22725.45,22959.5,,,,,,,,,,,,,,,2025-02-17,,,,,,,,,23050.901612109126,23204.736855851897,0.001318406118349223,,,,,,,,,,,,,,,,,
NIFTY 50,2025-02-18,22963.65,22992.5,22801.5,22945.3,,,,,,,,,,,,,,,2025-02-18,,,,,,,,,23015.701074739416,23172.30724887041,-0.0006186717054829174,,,,,,,,,,,,,,,,,
NIFTY 50,2025-02-19,22847.25,23049.95,22814.85,22932.9,,,,,,,,,,,,,,,2025-02-19,,,,,,,,,22988.100716492947,23142.381342761608,-0.0005405617614442019,,,,,,,,,,,,,,,,,
NIFTY 50,2025-02-20,22821.1,22923.85,22812.75,22913.15,,,,,,,,,,,,,,,2025-02-20,,,,,,,,,22963.117144328633,23113.727424916407,-0.0008615791860687675,,,,,,,,,,,,,,,,,
NIFTY 50,2025-02-21,22857.2,22921.0,22720.3,22795.9,,,,,,,,,,,,,,,2025-02-21,,,,,,,,,22907.37809621909,23073.998996801856,-0.005130286329146502,,,,,,,,,,,,,,,,,
NIFTY 50,2025-02-24,22609.35,22668.05,22518.8,22553.35,,,,,,,,,,,,,,,2025-02-24,,,,,,,,,22789.368730812726,23008.917872201626,-0.01069708155537406,,,,,,,,,,,,,,,,,
NIFTY 50,2025-02-25,22516.45,22625.3,22513.9,22547.55,,,,,,,,,,,,,,,2025-02-25,,,,,,,,,22708.762487208485,22951.24688817642,-0.0002572010772278274,,,,,,,,,,,,,,,,,
NIFTY 50,2025-02-27,22568.95,22613.3,22508.4,22545.05,,,,,,,,,,,,,,,2025-02-27,,,,,,,,,22654.191658138992,22900.472277154367,-0.0001108829387776427,,,,,,,,,,,,,,,,,
NIFTY 50,2025-02-28,22433.4,22450.35,22104.85,22124.7,,,,,,,,,,,,,,,2025-02-28,,,,,,,,,22477.694438759332,22803.500742510074,-0.01882089817720615,,,,,,,,,,,,,,,,,
NIFTY 50,2025-03-03,22194.55,22261.55,22004.7,22119.3,,,,,,,,,,,,,,,2025-03-03,,,,,,,,,22358.229625839555,22717.975649696313,-0.000244100896248747,,,,,,,,,,,,,,,,,
NIFTY 50,2025-03-04,21974.45,22105.05,21964.6,22082.65,,,,,,,,,,,,,,,2025-03-04,,,,,,,,,22266.369750559705,22638.559943484273,-0.0016582982605433554,,,,,,,,,,,,,,,,,
NIFTY 50,2025-03-05,22073.05,22394.9,22067.8,22337.3,,,,,,,,,,,,,,,2025-03-05,,,,,,,,,22290.013167039804,22600.90245054874,0.011465694568782813,,,,,,,,,,,,,,,,,
NIFTY 50,2025-03-06,22476.35,22556.45,22245.85,22544.7,,,,,,,,,,,,,,,2025-03-06,,,,,,,,,22374.90877802654,22593.877144230148,0.009242078172597142,,,,,,,,,,,,,,,,,
NIFTY 50,2025-03-07,22508.65,22633.8,22464.75,22552.5,,,,,,,,,,,,,,,2025-03-07,,,,,,,,,22434.105852017696,22588.70500120138,0.00034591948403792664,,,,,,,,,,,,,,,,,
NIFTY 50,2025-03-10,22521.85,22676.75,22429.05,22460.3,,,,,,,,,,,,,,,2025-03-10,,,,,,,,,22442.837234678467,22572.654376051207,-0.0040966182483126905,,,,,,,,,,,,,,,,,
NIFTY 50,2025-03-11,22345.95,22522.1,22314.7,22497.9,,,,,,,,,,,,,,,2025-03-11,,,,,,,,,22461.191489785648,22563.310079044804,0.0016726652208703832,,,,,,,,,,,,,,,,,
NIFTY 50,2025-03-12,22536.35,22577.4,22329.55,22470.5,,,,,,,,,,,,,,,2025-03-12,,,,,,,,,22464.294326523766,22551.708819164203,-0.0012186336801356743,,,,,,,,,,,,,,,,,
NIFTY 50,2025-03-13,22541.5,22558.05,22377.35,22397.2,,,,,,,,,,,,,,,2025-03-13,,,,,,,,,22441.929551015848,22532.39521676868,-0.003267386793235836,,,,,,,,,,,,,,,,,
NIFTY 50,2025-03-17,22353.15,22577.0,22353.15,22508.75,,,,,,,,,,,,,,,2025-03-17,,,,,,,,,22464.203034010567,22529.439564672597,0.004968171453735085,,,,,,,,,,,,,,,,,
NIFTY 50,2025-03-18,22662.25,22857.8,22599.2,22834.3,,,,,,,,,,,,,,,2025-03-18,,,,,,,,,22587.568689340376,22567.547119088522,0.014359668968781786,,,,,,,,,,,,,,,,,
NIFTY 50,2025-03-19,22874.95,22940.7,22807.95,22907.6,,,,,,,,,,,,,,,2025-03-19,,,,,,,,,22694.245792893584,22610.053729202456,0.0032049417598595076,,,,,,,,,,,,,,,,,
NIFTY 50,2025-03-20,23036.6,23216.7,22973.95,23190.65,,,,,,,,,,,,,,,2025-03-20,,,,,,,,,22859.713861929056,22682.62826305215,0.01228044696739064,,,,,,,,,,,,,,,,,
NIFTY 50,2025-03-21,23168.25,23402.7,23132.8,23350.4,,,,,,,,,,,,,,,2025-03-21,,,,,,,,,23023.275907952706,22766.09973017063,0.006864934391553793,,,,,,,,,,,,,,,,,
NIFTY 50,2025-03-24,23515.4,23708.75,23433.5,23658.35,,,,,,,,,,,,,,,2025-03-24,,,,,,,,,23234.96727196847,22877.631013899303,0.01310200357491904,,,,,,,,,,,,,,,,,
NIFTY 50,2025-03-25,23751.5,23869.6,23601.4,23668.65,,,,,,,,,,,,,,,2025-03-25,,,,,,,,,23379.528181312315,22976.508387161888,0.00043526951476421065,,,,,,,,,,,,,,,,,
NIFTY 50,2025-03-26,23700.95,23736.5,23451.7,23486.85,,,,,,,,,,,,,,,2025-03-26,,,,,,,,,23415.302120874876,23040.301088766653,-0.007710697617041672,,,,,,,,,,,,,,,,,
NIFTY 50,2025-03-27,23433.95,23646.45,23412.2,23591.95,,,,,,,,,,,,,,,2025-03-27,,,,,,,,,23474.18474724992,23109.257202670822,0.004464862086427852,,,,,,,,,,,,,,,,,
NIFTY 50,2025-03-28,23600.4,23649.2,23450.2,23519.35,,,,,,,,,,,,,,,2025-03-28,,,,,,,,,23489.23983149995,23160.51880233697,-0.0030820655541120134,,,,,,,,,,,,,,,,,
NIFTY 50,2025-04-01,23341.1,23565.15,23136.4,23165.7,,,,,,,,,,,,,,,2025-04-01,,,,,,,,,23381.39322099997,23161.16645204485,-0.015150750180769317,,,,,,,,,,,,,,,,,
NIFTY 50,2025-04-02,23192.6,23350.0,23158.45,23332.35,,,,,,,,,,,,,,,2025-04-02,,,,,,,,,23365.045480666646,23182.564395539244,0.007168073222718935,,,,,,,,,,,,,,,,,
NIFTY 50,2025-04-03,23150.3,23306.5,23145.8,23250.1,,,,,,,,,,,,,,,2025-04-03,,,,,,,,,23326.730320444432,23191.00634609684,-0.003531376536686799,,,,,,,,,,,,,,,,,
NIFTY 50,2025-04-04,23190.4,23214.7,22857.45,22904.45,,,,,,,,,,,,,,,2025-04-04,,,,,,,,,23185.970213629622,23155.186802834738,-0.01497821827338226,,,,,,,,,,,,,,,,,
NIFTY 50,2025-04-07,21758.4,22254.0,21743.65,22161.6,,,,,,,,,,,,,,,2025-04-07,,,,,,,,,22844.513475753083,23030.988452480397,-0.03297015338730526,,,,,,,,,,,,,,,,,
NIFTY 50,2025-04-08,22446.75,22697.2,22270.85,22535.85,,,,,,,,,,,,,,,2025-04-08,,,,,,,,,22741.625650502057,22969.096145920346,0.016746313096183522,,,,,,,,,,,,,,,,,
NIFTY 50,2025-04-09,22460.3,22468.7,22353.25,22399.15,,,,,,,,,,,,,,,2025-04-09,,,,,,,,,22627.467100334707,22897.852877680303,-0.00608436282244175,,,,,,,,,,,,,,,,,
NIFTY 50,2025-04-11,22695.4,22923.9,22695.4,22828.55,,,,,,,,,,,,,,,2025-04-11,,,,,,,,,22694.494733556472,22889.190017970264,0.018988933890639957,,,,,,,,,,,,,,,,,
NIFTY 50,2025-04-15,23368.35,23368.35,23207.0,23328.55,,,,,,,,,,,,,,,2025-04-15,,,,,,,,,22905.84648903765,22944.110015723978,0.0216659867627985,,,,,,,,,,,,,,,,,
NIFTY 50,2025-04-16,23344.1,23452.2,23273.05,23437.2,,,,,,,,,,,,,,,2025-04-16,,,,,,,,,23082.964326025103,23005.746263758483,0.004646571282831792,,,,,,,,,,,,,,,,,
NIFTY 50,2025-04-17,23401.85,23872.35,23298.55,23851.65,,,,,,,,,,,,,,,2025-04-17,,,,,,,,,23339.19288401674,23111.484230788672,0.017528893682587383,,,,,,,,,,,,,,,,,
NIFTY 50,2025-04-21,23949.15,24189.55,23903.65,24125.55,,,,,,,,,,,,,,,2025-04-21,,,,,,,,,23601.311922677825,23238.24245194009,0.011418047561345738,,,,,,,,,,,,,,,,,
NIFTY 50,2025-04-22,24185.4,24242.6,24072.0,24167.25,,,,,,,,,,,,,,,2025-04-22,,,,,,,,,23789.957948451884,23354.36839544758,0.001726965939596701,,,,,,,,,,,,,,,,,
NIFTY 50,2025-04-23,24357.6,24359.3,24119.95,24328.95,,,,,,,,,,,,,,,2025-04-23,,,,,,,,,23969.621965634593,23476.19109601663,0.006668588435125756,,,,,,,,,,,,,,,,,
NIFTY 50,2025-04-24,24277.9,24347.85,24216.15,24246.7,,,,,,,,,,,,,,,2025-04-24,,,,,,,,,24061.981310423063,23572.504709014553,-0.003386473618159028,,,,,,,,,,,,,,,,,
NIFTY 50,2025-04-25,24289.0,24365.45,23847.85,24039.35,,,,,,,,,,,,,,,2025-04-25,,,,,,,,,24054.437540282044,23630.860370387734,-0.008588454617289994,,,,,,,,,,,,,,,,,
NIFTY 50,2025-04-28,24070.25,24355.1,24054.05,24328.5,,,,,,,,,,,,,,,2025-04-28,,,,,,,,,24145.791693521365,23718.065324089268,0.011956431581801425,,,,,,,,,,,,,,,,,
NIFTY 50,2025-04-29,24370.7,24457.65,24290.75,24335.95,,,,,,,,,,,,,,,2025-04-29,,,,,,,,,24209.177795680913,23795.300908578112,0.0003061783317472563,,,,,,,,,,,,,,,,,
NIFTY 50,2025-04-30,24342.05,24396.15,24198.75,24334.2,,,,,,,,,,,,,,,2025-04-30,,,,,,,,,24250.851863787277,23862.66329500585,-7.191266107682891e-05,,,,,,,,,,,,,,,,,
NIFTY 50,2025-05-02,24311.9,24589.15,24238.5,24346.7,,,,,,,,,,,,,,,2025-05-02,,,,,,,,,24282.801242524853,23923.167883130118,0.0005135484460936932,,,,,,,,,,,,,,,,,
NIFTY 50,2025-05-05,24419.5,24526.4,24400.65,24461.15,,,,,,,,,,,,,,,2025-05-05,,,,,,,,,24342.250828349905,23990.415647738853,0.004689827958917901,,,,,,,,,,,,,,,,,
NIFTY 50,2025-05-06,24500.75,24509.65,24331.8,24379.6,,,,,,,,,,,,,,,2025-05-06,,,,,,,,,24354.70055223327,24039.0636917715,-0.0033394276617622325,,,,,,,,,,,,,,,,,
NIFTY 50,2025-05-07,24233.3,24449.6,24220.0,24414.4,,,,,,,,,,,,,,,2025-05-07,,,,,,,,,24374.600368155516,24085.98073030006,0.0014264051276974533,,,,,,,,,,,,,,,,,
NIFTY 50,2025-05-08,24431.5,24447.25,24150.2,24273.8,,,,,,,,,,,,,,,2025-05-08,,,,,,,,,24341.00024543701,24109.45813901255,-0.005775542773460358,,,,,,,,,,,,,,,,,
NIFTY 50,2025-05-09,23935.75,24164.25,23935.75,24008.0,,,,,,,,,,,,,,,2025-05-09,,,,,,,,,24230.000163624674,24096.775871635982,-0.011010471243807775,,,,,,,,,,,,,,,,,
NIFTY 50,2025-05-12,24420.1,24944.8,24378.85,24924.7,,,,,,,,,,,,,,,2025-05-12,,,,,,,,,24461.566775749787,24200.266387681484,0.037472171529076455,,,,,,,,,,,,,,,,,
NIFTY 50,2025-05-13,24864.05,24973.8,24547.5,24578.35,,,,,,,,,,,,,,,2025-05-13,,,,,,,,,24500.494517166524,24247.5268392213,-0.013993305528556882,,,,,,,,,,,,,,,,,
NIFTY 50,2025-05-14,24613.8,24767.55,24535.55,24666.9,,,,,,,,,,,,,,,2025-05-14,,,,,,,,,24555.96301144435,24299.948484318636,0.0035962898121936287,,,,,,,,,,,,,,,,,
NIFTY 50,2025-05-15,24694.45,25116.25,24494.45,25062.1,,,,,,,,,,,,,,,2025-05-15,,,,,,,,,24724.675340962902,24395.21742377881,0.015894480888894447,,,,,,,,,,,,,,,,,
NIFTY 50,2025-05-16,25064.65,25070.0,24953.05,25019.8,,,,,,,,,,,,,,,2025-05-16,,,,,,,,,24823.050227308602,24473.290245806456,-0.0016892334379733957,,,,,,,,,,,,,,,,,
NIFTY 50,2025-05-19,25005.35,25062.95,24916.65,24945.45,,,,,,,,,,,,,,,2025-05-19,,,,,,,,,24863.850151539067,24532.31021508065,-0.002976070564100508,,,,,,,,,,,,,,,,,
NIFTY 50,2025-05-20,24996.2,25010.35,24669.7,24683.9,,,,,,,,,,,,,,,2025-05-20,,,,,,,,,24803.866767692714,24551.25893819557,-0.010540231594245037,,,,,,,,,,,,,,,,,
NIFTY 50,2025-05-21,24744.25,24946.2,24685.35,24813.45,,,,,,,,,,,,,,,2025-05-21,,,,,,,,,24807.06117846181,24584.032820921126,0.005234635624772639,,,,,,,,,,,,,,,,,
NIFTY 50,2025-05-22,24733.95,24737.5,24462.4,24609.7,,,,,,,,,,,,,,,2025-05-22,,,,,,,,,24741.274118974543,24587.241218305986,-0.008245170706062392,,,,,,,,,,,,,,,,,
NIFTY 50,2025-05-23,24639.5,24909.05,24614.05,24853.15,,,,,,,,,,,,,,,2025-05-23,,,,,,,,,24778.566079316362,24620.479816017738,0.00984383091051175,,,,,,,,,,,,,,,,,
NIFTY 50,2025-05-26,24919.35,25079.2,24900.5,25001.15,,,,,,,,,,,,,,,2025-05-26,,,,,,,,,24852.760719544243,24668.06358901552,0.005937318737656441,,,,,,,,,,,,,,,,,
NIFTY 50,2025-05-27,24956.65,25062.9,24704.1,24826.2,,,,,,,,,,,,,,,2025-05-27,,,,,,,,,24843.907146362828,24687.830640388584,-0.007022276678678118,,,,,,,,,,,,,,,,,
NIFTY 50,2025-05-28,24832.5,24864.25,24737.05,24752.45,,,,,,,,,,,,,,,2025-05-28,,,,,,,,,24813.421430908555,24695.90806034001,-0.0029750731170425774,,,,,,,,,,,,,,,,,
NIFTY 50,2025-05-29,24825.1,24892.6,24677.3,24833.6,,,,,,,,,,,,,,,2025-05-29,,,,,,,,,24820.147620605705,24713.11955279751,0.003273100900270562,,,,,,,,,,,,,,,,,
NIFTY 50,2025-05-30,24812.6,24863.95,24717.4,24750.7,,,,,,,,,,,,,,,2025-05-30,,,,,,,,,24796.99841373714,24717.817108697822,-0.0033438034717525197,,,,,,,,,,,,,,,,,
NIFTY 50,2025-06-02,24669.7,24754.4,24526.15,24716.6,,,,,,,,,,,,,,,2025-06-02,,,,,,,,,24770.198942491428,24717.664970110596,-0.0013786887661705169,,,,,,,,,,,,,,,,,
NIFTY 50,2025-06-03,24786.3,24845.1,24502.15,24542.5,,,,,,,,,,,,,,,2025-06-03,,,,,,,,,24694.299294994285,24695.76934884677,-0.007068774092320617,,,,,,,,,,,,,,,,,
NIFTY 50,2025-06-04,24560.45,24644.25,24530.45,24620.2,,,,,,,,,,,,,,,2025-06-04,,,,,,,,,24669.599529996194,24686.323180240925,0.0031609356156210005,,,,,,,,,,,,,,,,,
NIFTY 50,2025-06-05,24691.2,24899.85,24613.1,24750.9,,,,,,,,,,,,,,,2025-06-05,,,,,,,,,24696.69968666413,24694.395282710808,0.005294607789761705,,,,,,,,,,,,,,,,,
NIFTY 50,2025-06-06,24748.7,25029.5,24671.45,25003.05,,,,,,,,,,,,,,,2025-06-06,,,,,,,,,24798.816457776087,24732.977122371954,0.010135965436883998,,,,,,,,,,,,,,,,,
NIFTY 50,2025-06-09,25160.1,25160.1,25077.15,25103.2,,,,,,,,,,,,,,,2025-06-09,,,,,,,,,24900.277638517393,24779.25498207546,0.003997510624608427,,,,,,,,,,,,,,,,,
NIFTY 50,2025-06-10,25196.05,25199.3,25055.45,25104.25,,,,,,,,,,,,,,,2025-06-10,,,,,,,,,24968.268425678263,24819.87935931603,4.1826462015294284e-05,,,,,,,,,,,,,,,,,
NIFTY 50,2025-06-11,25134.15,25222.4,25081.3,25141.4,,,,,,,,,,,,,,,2025-06-11,,,,,,,,,25025.97895045218,24860.069439401526,0.0014787352445249067,,,,,,,,,,,,,,,,,
NIFTY 50,2025-06-12,25164.45,25196.2,24825.9,24888.2,,,,,,,,,,,,,,,2025-06-12,,,,,,,,,24980.052633634787,24863.585759476337,-0.010122094193621185,,,,,,,,,,,,,,,,,
NIFTY 50,2025-06-13,24473.0,24754.35,24473.0,24718.6,,,,,,,,,,,,,,,2025-06-13,,,,,,,,,24892.901755756528,24845.462539541793,-0.006837798882833083,,,,,,,,,,,,,,,,,
NIFTY 50,2025-06-16,24732.35,24967.1,24703.6,24946.5,,,,,,,,,,,,,,,2025-06-16,,,,,,,,,24910.76783717102,24858.09222209907,0.009177535114667245,,,,,,,,,,,,,,,,,
NIFTY 50,2025-06-17,24977.85,24982.05,24813.7,24853.4,,,,,,,,,,,,,,,2025-06-17,,,,,,,,,24891.645224780685,24857.505694336684,-0.0037389676871053394,,,,,,,,,,,,,,,,,
NIFTY 50,2025-06-18,24788.35,24947.55,24750.45,24812.05,,,,,,,,,,,,,,,2025-06-18,,,,,,,,,24865.113483187124,24851.823732544595,-0.0016651418462635466,,,,,,,,,,,,,,,,,
NIFTY 50,2025-06-19,24803.25,24863.1,24733.4,24793.25,,,,,,,,,,,,,,,2025-06-19,,,,,,,,,24841.158988791416,24844.50201597652,-0.0007579835582129375,,,,,,,,,,,,,,,,,
NIFTY 50,2025-06-20,24787.65,25136.2,24783.65,25112.4,,,,,,,,,,,,,,,2025-06-20,,,,,,,,,24931.57265919428,24877.989263979453,0.012790309347901757,,,,,,,,,,,,,,,,,
NIFTY 50,2025-06-23,24939.75,25057.0,24824.85,24971.9,,,,,,,,,,,,,,,2025-06-23,,,,,,,,,24945.015106129522,24889.72810598202,-0.005610555346030624,,,,,,,,,,,,,,,,,
NIFTY 50,2025-06-24,25179.9,25317.7,24999.7,25044.35,,,,,,,,,,,,,,,2025-06-24,,,,,,,,,24978.126737419683,24909.05584273427,0.00289706048224268,,,,,,,,,,,,,,,,,
NIFTY 50,2025-06-25,25150.35,25266.8,25125.05,25244.75,,,,,,,,,,,,,,,2025-06-25,,,,,,,,,25067.00115827979,24951.017612392487,0.007969960122065977,,,,,,,,,,,,,,,,,
NIFTY 50,2025-06-26,25268.95,25565.3,25259.9,25549.0,,,,,,,,,,,,,,,2025-06-26,,,,,,,,,25227.667438853194,25025.765410843425,0.011979963629751521,,,,,,,,,,,,,,,,,
NIFTY 50,2025-06-27,25576.65,25654.2,25523.55,25637.8,,,,,,,,,,,,,,,2025-06-27,,,,,,,,,25364.3782925688,25102.269734487996,0.0034696479984903748,,,,,,,,,,,,,,,,,
NIFTY 50,2025-06-30,25661.65,25669.35,25473.3,25517.05,,,,,,,,,,,,,,,2025-06-30,,,,,,,,,25415.26886171253,25154.117267676997,-0.004720968755390688,,,,,,,,,,,,,,,,,
NIFTY 50,2025-07-01,25551.35,25593.4,25501.8,25541.8,,,,,,,,,,,,,,,2025-07-01,,,,,,,,,25457.445907808353,25202.57760921737,0.0009694696194091494,,,,,,,,,,,,,,,,,
NIFTY 50,2025-07-02,25588.3,25608.1,25378.75,25453.4,,,,,,,,,,,,,,,2025-07-02,,,,,,,,,25456.097271872237,25233.930408065196,-0.00346699644467661,,,,,,,,,,,,,,,,,
NIFTY 50,2025-07-03,25505.1,25587.5,25384.35,25405.3,,,,,,,,,,,,,,,2025-07-03,,,,,,,,,25439.164847914828,25255.351607057044,-0.00189151568330066,,,,,,,,,,,,,,,,,
NIFTY 50,2025-07-04,25428.85,25470.25,25331.65,25461.0,,,,,,,,,,,,,,,2025-07-04,,,,,,,,,25446.44323194322,25281.057656174915,0.0021900559806014813,,,,,,,,,,,,,,,,,
NIFTY 50,2025-07-07,25450.45,25489.8,25407.25,25461.3,,,,,,,,,,,,,,,2025-07-07,,,,,,,,,25451.39548796215,25303.58794915305,1.1782657107136236e-05,,,,,,,,,,,,,,,,,
NIFTY 50,2025-07-08,25427.85,25548.05,25424.15,25522.5,,,,,,,,,,,,,,,2025-07-08,,,,,,,,,25475.09699197477,25330.95195550892,0.0024007637482767337,,,,,,,,,,,,,,,,,
NIFTY 50,2025-07-09,25514.6,25548.7,25424.35,25476.1,,,,,,,,,,,,,,,2025-07-09,,,,,,,,,25475.43132798318,25349.09546107031,-0.0018196582966253595,,,,,,,,,,,,,,,,,
NIFTY 50,2025-07-10,25511.65,25524.05,25340.45,25355.25,,,,,,,,,,,,,,,2025-07-10,,,,,,,,,25435.37088532212,25349.86477843652,-0.004754948577867101,,,,,,,,,,,,,,,,,
NIFTY 50,2025-07-11,25255.5,25322.45,25129.0,25149.85,,,,,,,,,,,,,,,2025-07-11,,,,,,,,,25340.197256881416,25324.862931131956,-0.008133876873290554,,,,,,,,,,,,,,,,,
NIFTY 50,2025-07-14,25149.5,25151.1,25001.95,25082.3,,,,,,,,,,,,,,,2025-07-14,,,,,,,,,25254.231504587613,25294.54256474046,-0.0026895142142431107,,,,,,,,,,,,,,,,,
NIFTY 50,2025-07-15,25089.5,25245.2,25088.45,25195.8,,,,,,,,,,,,,,,2025-07-15,,,,,,,,,25234.754336391743,25282.1997441479,0.004514895861271375,,,,,,,,,,,,,,,,,
NIFTY 50,2025-07-16,25196.6,25255.3,25121.05,25212.05,,,,,,,,,,,,,,,2025-07-16,,,,,,,,,25227.186224261164,25273.431026129412,0.0006447408712298642,,,,,,,,,,,,,,,,,
NIFTY 50,2025-07-17,25230.75,25238.35,25101.0,25111.45,,,,,,,,,,,,,,,2025-07-17,,,,,,,,,25188.60748284078,25253.18339786324,-0.003998137411285263,,,,,,,,,,,,,,,,,
NIFTY 50,2025-07-18,25108.55,25144.6,24918.65,24968.4,,,,,,,,,,,,,,,2025-07-18,,,,,,,,,25115.204988560523,25217.585473130333,-0.005712892073823927,,,,,,,,,,,,,,,,,
NIFTY 50,2025-07-21,24999.0,25111.4,24882.3,25090.7,,,,,,,,,,,,,,,2025-07-21,,,,,,,,,25107.03665904035,25201.724788989042,0.004886234204324308,,,,,,,,,,,,,,,,,
NIFTY 50,2025-07-22,25166.65,25182.0,25035.55,25060.9,,,,,,,,,,,,,,,2025-07-22,,,,,,,,,25091.657772693572,25184.12169036541,-0.0011883969208231818,,,,,,,,,,,,,,,,,
NIFTY 50,2025-07-23,25139.35,25233.5,25085.5,25219.9,,,,,,,,,,,,,,,2025-07-23,,,,,,,,,25134.405181795715,25188.593979069734,0.006324502791954096,,,,,,,,,,,,,,,,,
NIFTY 50,2025-07-24,25243.3,25246.25,25018.7,25062.1,,,,,,,,,,,,,,,2025-07-24,,,,,,,,,25110.30345453048,25172.78223168602,-0.0062766205821811125,,,,,,,,,,,,,,,,,
NIFTY 50,2025-07-25,25010.35,25010.35,24806.35,24837.0,,,,,,,,,,,,,,,2025-07-25,,,,,,,,,25019.202303020324,25130.809452725265,-0.009022268014894983,,,,,,,,,,,,,,,,,
NIFTY 50,2025-07-28,24782.45,24889.2,24646.6,24680.9,,,,,,,,,,,,,,,2025-07-28,,,,,,,,,24906.43486868022,25074.570771134608,-0.006304811677771728,,,,,,,,,,,,,,,,,
NIFTY 50,2025-07-29,24609.65,24847.15,24598.6,24821.1,,,,,,,,,,,,,,,2025-07-29,,,,,,,,,24877.98991245348,25042.886924742783,0.005664432744894037,,,,,,,,,,,,,,,,,
NIFTY 50,2025-07-30,24890.4,24902.3,24771.95,24855.05,,,,,,,,,,,,,,,2025-07-30,,,,,,,,,24870.34327496899,25019.407309149934,0.0013668533203841048,,,,,,,,,,,,,,,,,
NIFTY 50,2025-07-31,24642.25,24956.5,24635.0,24768.35,,,,,,,,,,,,,,,2025-07-31,,,,,,,,,24836.345516645993,24988.02514550619,-0.003494322767861102,,,,,,,,,,,,,,,,,
NIFTY 50,2025-08-01,24734.9,24784.15,24535.05,24565.35,,,,,,,,,,,,,,,2025-08-01,,,,,,,,,24746.013677764,24935.190752317918,-0.00822971501161462,,,,,,,,,,,,,,,,,
NIFTY 50,2025-08-04,24596.05,24736.25,24554.0,24722.75,,,,,,,,,,,,,,,2025-08-04,,,,,,,,,24738.259118509333,24908.635658278177,0.006386958924001023,,,,,,,,,,,,,,,,,
NIFTY 50,2025-08-05,24720.25,24733.1,24590.3,24649.55,,,,,,,,,,,,,,,2025-08-05,,,,,,,,,24708.689412339558,24876.249950993402,-0.0029652276128395885,,,,,,,,,,,,,,,,,
NIFTY 50,2025-08-06,24641.35,24671.4,24539.2,24574.2,,,,,,,,,,,,,,,2025-08-06,,,,,,,,,24663.859608226376,24838.49370711923,-0.003061532648549035,,,,,,,,,,,,,,,,,
NIFTY 50,2025-08-07,24464.2,24634.2,24344.15,24596.15,,,,,,,,,,,,,,,2025-08-07,,,,,,,,,24641.289738817588,24808.200743729325,0.000892814529815726,,,,,,,,,,,,,,,,,
NIFTY 50,2025-08-08,24544.25,24585.5,24337.5,24363.3,,,,,,,,,,,,,,,2025-08-08,,,,,,,,,24548.62649254506,24752.588150763157,-0.009512024978203826,,,,,,,,,,,,,,,,,
NIFTY 50,2025-08-11,24371.5,24600.85,24347.45,24585.05,,,,,,,,,,,,,,,2025-08-11,,,,,,,,,24560.767661696707,24731.64588191776,0.009060632975224126,,,,,,,,,,,,,,,,,
NIFTY 50,2025-08-12,24563.35,24702.6,24465.65,24487.4,,,,,,,,,,,,,,,2025-08-12,,,,,,,,,24536.311774464473,24701.11514667804,-0.003979835076118552,,,,,,,,,,,,,,,,,
NIFTY 50,2025-08-13,24586.2,24664.55,24535.25,24619.35,,,,,,,,,,,,,,,2025-08-13,,,,,,,,,24563.991182976315,24690.894503343286,0.005374019561891618,,,,,,,,,,,,,,,,,
NIFTY 50,2025-08-14,24607.25,24673.65,24596.9,24631.3,,,,,,,,,,,,,,,2025-08-14,,,,,,,,,24586.427455317542,24683.445190425373,0.00048527279272500415,,,,,,,,,,,,,,,,,
NIFTY 50,2025-08-18,24938.2,25022.0,24852.85,24876.95,,,,,,,,,,,,,,,2025-08-18,,,,,,,,,24683.268303545028,24707.6332916222,0.00992368003121088,,,,,,,,,,,,,,,,,
NIFTY 50,2025-08-19,24891.35,25012.65,24873.95,24980.65,,,,,,,,,,,,,,,2025-08-19,,,,,,,,,24782.39553569669,24741.760380169424,0.004159853243583131,,,,,,,,,,,,,,,,,
NIFTY 50,2025-08-20,24965.8,25088.7,24929.7,25050.55,,,,,,,,,,,,,,,2025-08-20,,,,,,,,,24871.78035713113,24780.359082648243,0.0027942582021172405,,,,,,,,,,,,,,,,,
NIFTY 50,2025-08-21,25142.0,25153.65,25054.9,25083.75,,,,,,,,,,,,,,,2025-08-21,,,,,,,,,24942.43690475409,24818.282947317213,0.001324442740923701,,,,,,,,,,,,,,,,,
NIFTY 50,2025-08-22,25064.15,25084.85,24859.15,24870.1,,,,,,,,,,,,,,,2025-08-22,,,,,,,,,24918.324603169396,24824.760078902564,-0.008553947402635646,,,,,,,,,,,,,,,,,
NIFTY 50,2025-08-25,24949.15,25021.55,24894.35,24967.75,,,,,,,,,,,,,,,2025-08-25,,,,,,,,,24934.799735446264,24842.633819039744,0.003918713385990051,,,,,,,,,,,,,,,,,
NIFTY 50,2025-08-26,24899.5,24919.65,24689.6,24712.05,,,,,,,,,,,,,,,2025-08-26,,,,,,,,,24860.549823630845,24826.310841659775,-0.010294013179196964,,,,,,,,,,,,,,,,,
NIFTY 50,2025-08-28,24695.8,24702.65,24481.6,24500.9,,,,,,,,,,,,,,,2025-08-28,,,,,,,,,24740.666549087233,24785.6344864523,-0.00858112735289117,,,,,,,,,,,,,,,,,
NIFTY 50,2025-08-29,24466.7,24572.45,24404.7,24426.85,,,,,,,,,,,,,,,2025-08-29,,,,,,,,,24636.061032724825,24740.786425645765,-0.003026914441741975,,,,,,,,,,,,,,,,,
NIFTY 50,2025-09-01,24432.7,24635.6,24432.7,24625.05,,,,,,,,,,,,,,,2025-09-01,,,,,,,,,24632.390688483218,24726.319372440044,0.008081280384829359,,,,,,,,,,,,,,,,,
NIFTY 50,2025-09-02,24653.0,24756.1,24522.35,24579.6,,,,,,,,,,,,,,,2025-09-02,,,,,,,,,24614.793792322147,24707.97945088504,-0.0018473869004707994,,,,,,,,,,,,,,,,,
NIFTY 50,2025-09-03,24616.5,24737.05,24533.2,24715.05,,,,,,,,,,,,,,,2025-09-03,,,,,,,,,24648.212528214764,24708.86326952441,0.005495539207320317,,,,,,,,,,,,,,,,,
NIFTY 50,2025-09-04,24980.75,24980.75,24708.2,24734.3,,,,,,,,,,,,,,,2025-09-04,,,,,,,,,24676.90835214318,24712.042860833855,0.0007785744796407111,,,,,,,,,,,,,,,,,
NIFTY 50,2025-09-05,24818.85,24832.35,24621.6,24741.0,,,,,,,,,,,,,,,2025-09-05,,,,,,,,,24698.27223476212,24715.66250322962,0.0002708422198937796,,,,,,,,,,,,,,,,,
NIFTY 50,2025-09-08,24802.6,24885.5,24751.55,24773.15,,,,,,,,,,,,,,,2025-09-08,,,,,,,,,24723.231489841415,24722.848440325917,0.0012986188601915426,,,,,,,,,,,,,,,,,
NIFTY 50,2025-09-09,24864.1,24891.8,24814.0,24868.6,,,,,,,,,,,,,,,2025-09-09,,,,,,,,,24771.68765989428,24741.06738528518,0.003845558129143585,,,,,,,,,,,,,,,,,
NIFTY 50,2025-09-10,24991.0,25035.7,24915.05,24973.1,,,,,,,,,,,,,,,2025-09-10,,,,,,,,,24838.82510659619,24770.07146212453,0.004193282055946326,,,,,,,,,,,,,,,,,
NIFTY 50,2025-09-11,24945.5,25037.3,24940.15,25005.5,,,,,,,,,,,,,,,2025-09-11,,,,,,,,,24894.383404397464,24799.500029358966,0.0012965551071398326,,,,,,,,,,,,,,,,,
NIFTY 50,2025-09-12,25074.45,25139.45,25038.05,25114.0,,,,,,,,,,,,,,,2025-09-12,,,,,,,,,24967.588936264976,24838.812525689096,0.004329658895022681,,,,,,,,,,,,,,,,,
NIFTY 50,2025-09-15,25118.9,25138.45,25048.75,25069.2,,,,,,,,,,,,,,,2025-09-15,,,,,,,,,25001.45929084332,24867.61095997796,-0.0017854585559052094,,,,,,,,,,,,,,,,,
NIFTY 50,2025-09-16,25073.6,25261.4,25070.45,25239.1,,,,,,,,,,,,,,,2025-09-16,,,,,,,,,25080.672860562216,24914.047089980715,0.006754378340182724,,,,,,,,,,,,,,,,,
NIFTY 50,2025-09-17,25276.6,25346.5,25275.35,25330.25,,,,,,,,,,,,,,,2025-09-17,,,,,,,,,25163.865240374813,24966.072453733126,0.0036049543335288465,,,,,,,,,,,,,,,,,
NIFTY 50,2025-09-18,25441.05,25448.95,25329.75,25423.6,,,,,,,,,,,,,,,2025-09-18,,,,,,,,,25250.44349358321,25023.263397016486,0.003678542820501287,,,,,,,,,,,,,,,,,
NIFTY 50,2025-09-19,25410.2,25431.4,25286.3,25327.05,,,,,,,,,,,,,,,2025-09-19,,,,,,,,,25275.97899572214,25061.236722389425,-0.0038048819662613634,,,,,,,,,,,,,,,,,
NIFTY 50,2025-09-22,25238.1,25331.7,25151.05,25202.35,,,,,,,,,,,,,,,2025-09-22,,,,,,,,,25251.435997148095,25078.87588209075,-0.004935750401067799,,,,,,,,,,,,,,,,,
NIFTY 50,2025-09-23,25209.0,25261.9,25084.65,25169.5,,,,,,,,,,,,,,,2025-09-23,,,,,,,,,25224.12399809873,25090.203896829407,-0.0013043001063899793,,,,,,,,,,,,,,,,,
NIFTY 50,2025-09-24,25108.75,25149.85,25027.45,25056.9,,,,,,,,,,,,,,,2025-09-24,,,,,,,,,25168.382665399156,25086.040909725732,-0.00448370532782927,,,,,,,,,,,,,,,,,
NIFTY 50,2025-09-25,25034.5,25092.7,24878.3,24890.85,,,,,,,,,,,,,,,2025-09-25,,,,,,,,,25075.87177693277,25061.642046010016,-0.006648972645988584,,,,,,,,,,,,,,,,,
NIFTY 50,2025-09-26,24818.55,24868.6,24629.45,24654.7,,,,,,,,,,,,,,,2025-09-26,,,,,,,,,24935.48118462185,25010.774290258767,-0.009532714372741127,,,,,,,,,,,,,,,,,
NIFTY 50,2025-09-29,24728.55,24791.3,24606.2,24634.9,,,,,,,,,,,,,,,2025-09-29,,,,,,,,,24835.287456414568,24963.79000397642,-0.0008034149623869672,,,,,,,,,,,,,,,,,
NIFTY 50,2025-09-30,24691.95,24731.8,24587.7,24611.1,,,,,,,,,,,,,,,2025-09-30,,,,,,,,,24760.558304276383,24919.703753479367,-0.0009665760408142669,,,,,,,,,,,,,,,,,
NIFTY 50,2025-10-01,24620.55,24867.95,24605.95,24836.3,,,,,,,,,,,,,,,2025-10-01,,,,,,,,,24785.805536184256,24909.278284294443,0.0091087319879058,,,,,,,,,,,,,,,,,
NIFTY 50,2025-10-03,24759.55,24904.8,24747.55,24894.25,,,,,,,,,,,,,,,2025-10-03,,,,,,,,,24821.953690789505,24907.399748757638,0.0023305604393949906,,,,,,,,,,,,,,,,,
NIFTY 50,2025-10-06,24916.55,25095.95,24881.65,25077.65,,,,,,,,,,,,,,,2025-10-06,,,,,,,,,24907.185793859673,24928.681030162934,0.0073401581061951155,,,,,,,,,,,,,,,,,
NIFTY 50,2025-10-07,25085.3,25220.9,25076.3,25108.3,,,,,,,,,,,,,,,2025-10-07,,,,,,,,,24974.22386257312,24951.133401392566,0.0012214575517932756,,,,,,,,,,,,,,,,,
NIFTY 50,2025-10-08,25079.75,25192.5,25008.5,25046.15,,,,,,,,,,,,,,,2025-10-08,,,,,,,,,24998.199241715414,24963.010476218496,-0.0024783456627061593,,,,,,,,,,,,,,,,,
NIFTY 50,2025-10-09,25074.3,25199.25,25024.3,25181.8,,,,,,,,,,,,,,,2025-10-09,,,,,,,,,25059.399494476944,24990.35916669118,0.005401388262863396,,,,,,,,,,,,,,,,,
NIFTY 50,2025-10-10,25167.65,25330.75,25156.85,25285.35,,,,,,,,,,,,,,,2025-10-10,,,,,,,,,25134.716329651295,25027.233020854783,0.004103665268029542,,,,,,,,,,,,,,,,,
NIFTY 50,2025-10-13,25177.3,25267.3,25152.3,25227.35,,,,,,,,,,,,,,,2025-10-13,,,,,,,,,25165.594219767532,25052.247643247934,-0.0022964531885856635,,,,,,,,,,,,,,,,,
NIFTY 50,2025-10-14,25277.55,25310.35,25060.55,25145.5,,,,,,,,,,,,,,,2025-10-14,,,,,,,,,25158.896146511688,25063.90418784194,-0.003249769351339534,,,,,,,,,,,,,,,,,
NIFTY 50,2025-10-15,25181.95,25365.15,25159.35,25323.55,,,,,,,,,,,,,,,2025-10-15,,,,,,,,,25213.78076434113,25096.359914361696,0.007055838724218008,,,,,,,,,,,,,,,,,
NIFTY 50,2025-10-16,25394.9,25625.4,25376.85,25585.3,,,,,,,,,,,,,,,2025-10-16,,,,,,,,,25337.62050956075,25157.47742506648,0.010283174989422342,,,,,,,,,,,,,,,,,
NIFTY 50,2025-10-17,25546.85,25781.5,25508.6,25709.85,,,,,,,,,,,,,,,2025-10-17,,,,,,,,,25461.697006373834,25226.52399693317,0.004856219146269568,,,,,,,,,,,,,,,,,
NIFTY 50,2025-10-20,25824.6,25926.2,25788.5,25843.15,,,,,,,,,,,,,,,2025-10-20,,,,,,,,,25588.848004249223,25303.602247316525,0.005171388554416238,,,,,,,,,,,,,,,,,
NIFTY 50,2025-10-21,25901.2,25934.35,25825.8,25868.6,,,,,,,,,,,,,,,2025-10-21,,,,,,,,,25682.098669499483,25374.22696640196,0.0009843024865632758,,,,,,,,,,,,,,,,,
NIFTY 50,2025-10-23,26057.2,26104.2,25862.45,25891.4,,,,,,,,,,,,,,,2025-10-23,,,,,,,,,25751.865779666325,25438.87359560171,0.0008809892378157639,,,,,,,,,,,,,,,,,
NIFTY 50,2025-10-24,25935.1,25944.15,25718.2,25795.15,,,,,,,,,,,,,,,2025-10-24,,,,,,,,,25766.29385311089,25483.408146151498,-0.0037243774737084727,,,,,,,,,,,,,,,,,
NIFTY 50,2025-10-27,25843.2,26005.95,25827.0,25966.05,,,,,,,,,,,,,,,2025-10-27,,,,,,,,,25832.87923540726,25543.73837788256,0.006603425771068816,,,,,,,,,,,,,,,,,
NIFTY 50,2025-10-28,25939.95,26041.7,25810.05,25936.2,,,,,,,,,,,,,,,2025-10-28,,,,,,,,,25867.31949027151,25592.79608064724,-0.0011502392783005436,,,,,,,,,,,,,,,,,
NIFTY 50,2025-10-29,25982.0,26097.85,25960.3,26053.9,,,,,,,,,,,,,,,2025-10-29,,,,,,,,,25929.51299351434,25650.434070566334,0.004527792832853673,,,,,,,,,,,,,,,,,
NIFTY 50,2025-10-30,25984.4,26032.05,25845.25,25877.85,,,,,,,,,,,,,,,2025-10-30,,,,,,,,,25912.291995676227,25678.861061745545,-0.006780078638207486,,,,,,,,,,,,,,,,,
NIFTY 50,2025-10-31,25863.8,25953.75,25711.2,25722.1,,,,,,,,,,,,,,,2025-10-31,,,,,,,,,25848.894663784155,25684.26592902735,-0.00603684588865223,,,,,,,,,,,,,,,,,
NIFTY 50,2025-11-03,25696.85,25803.1,25645.5,25763.35,,,,,,,,,,,,,,,2025-11-03,,,,,,,,,25820.379775856105,25694.151437898934,0.0016023948057699113,,,,,,,,,,,,,,,,,
NIFTY 50,2025-11-04,25744.75,25787.4,25578.4,25597.65,,,,,,,,,,,,,,,2025-11-04,,,,,,,,,25746.136517237406,25682.088758161568,-0.006452388967753966,,,,,,,,,,,,,,,,,
NIFTY 50,2025-11-06,25593.35,25679.15,25491.55,25509.7,,,,,,,,,,,,,,,2025-11-06,,,,,,,,,25667.32434482494,25660.54016339137,-0.003441778406436964,,,,,,,,,,,,,,,,,
NIFTY 50,2025-11-07,25433.8,25551.25,25318.45,25492.3,,,,,,,,,,,,,,,2025-11-07,,,,,,,,,25608.982896549962,25639.510142967447,-0.0006823262097594648,,,,,,,,,,,,,,,,,
NIFTY 50,2025-11-10,25503.5,25653.45,25503.5,25574.35,,,,,,,,,,,,,,,2025-11-10,,,,,,,,,25597.438597699977,25631.365125096516,0.0032134502892125225,,,,,,,,,,,,,,,,,
NIFTY 50,2025-11-11,25617.0,25715.8,25449.25,25694.95,,,,,,,,,,,,,,,2025-11-11,,,,,,,,,25629.942398466654,25639.313234459452,0.004704578468485324,,,,,,,,,,,,,,,,,
NIFTY 50,2025-11-12,25834.3,25934.55,25781.15,25875.8,,,,,,,,,,,,,,,2025-11-12,,,,,,,,,25711.894932311105,25668.874080152018,0.007013694443554249,,,,,,,,,,,,,,,,,
NIFTY 50,2025-11-13,25906.1,26010.7,25808.4,25879.15,,,,,,,,,,,,,,,2025-11-13,,,,,,,,,25767.64662154074,25695.158570133015,0.00012945621644613778,,,,,,,,,,,,,,,,,
NIFTY 50,2025-11-14,25767.9,25940.2,25740.8,25910.05,,,,,,,,,,,,,,,2025-11-14,,,,,,,,,25815.114414360498,25722.019998866388,0.001193299130579461,,,,,,,,,,,,,,,,,
NIFTY 50,2025-11-17,25948.2,26024.2,25906.35,26013.45,,,,,,,,,,,,,,,2025-11-17,,,,,,,,,25881.226276240333,25758.44874900809,0.003982787627285557,,,,,,,,,,,,,,,,,
NIFTY 50,2025-11-18,26021.8,26029.85,25876.5,25910.05,,,,,,,,,,,,,,,2025-11-18,,,,,,,,,25890.834184160223,25777.398905382077,-0.0039827876272854204,,,,,,,,,,,,,,,,,
NIFTY 50,2025-11-19,25918.1,26074.65,25856.2,26052.65,,,,,,,,,,,,,,,2025-11-19,,,,,,,,,25944.77278944015,25811.805292209316,0.005488566143699687,,,,,,,,,,,,,,,,,
NIFTY 50,2025-11-20,26132.1,26246.65,26063.2,26192.15,,,,,,,,,,,,,,,2025-11-20,,,,,,,,,26027.23185962677,25859.34838068315,0.005340257079196831,,,,,,,,,,,,,,,,,
NIFTY 50,2025-11-21,26109.55,26179.2,26052.2,26068.15,,,,,,,,,,,,,,,2025-11-21,,,,,,,,,26040.871239751184,25885.448583097754,-0.0047454849169532316,,,,,,,,,,,,,,,,,
NIFTY 50,2025-11-24,26122.8,26142.8,25912.15,25959.5,,,,,,,,,,,,,,,2025-11-24,,,,,,,,,26013.74749316746,25894.705010210535,-0.00417663138516151,,,,,,,,,,,,,,,,,
NIFTY 50,2025-11-25,25998.5,26032.6,25857.5,25884.8,,,,,,,,,,,,,,,2025-11-25,,,,,,,,,25970.764995444973,25893.466883934216,-0.0028817074082925676,,,,,,,,,,,,,,,,,
NIFTY 50,2025-11-26,25842.95,26215.15,25842.95,26205.3,,,,,,,,,,,,,,,2025-11-26,,,,,,,,,26048.94333029665,25932.446023442437,0.012305756544011975,,,,,,,,,,,,,,,,,
NIFTY 50,2025-11-27,26261.25,26310.45,26141.9,26215.55,,,,,,,,,,,,,,,2025-11-27,,,,,,,,,26104.478886864435,25967.83402051213,0.00039106577366173836,,,,,,,,,,,,,,,,,
NIFTY 50,2025-11-28,26237.45,26280.75,26172.4,26202.95,,,,,,,,,,,,,,,2025-11-28,,,,,,,,,26137.30259124296,25997.223517948118,-0.0004807463106602343,,,,,,,,,,,,,,,,,
NIFTY 50,2025-12-01,26325.8,26325.8,26124.2,26175.75,,,,,,,,,,,,,,,2025-12-01,,,,,,,,,26150.118394161975,26019.539328204602,-0.0010385902072783048,,,,,,,,,,,,,,,,,
NIFTY 50,2025-12-02,26087.95,26154.6,25997.85,26032.2,,,,,,,,,,,,,,,2025-12-02,,,,,,,,,26110.81226277465,26021.121912179027,-0.005499176342188014,,,,,,,,,,,,,,,,,
NIFTY 50,2025-12-03,26004.9,26066.45,25891.0,25986.0,,,,,,,,,,,,,,,2025-12-03,,,,,,,,,26069.208175183103,26016.73167315665,-0.0017763018384990476,,,,,,,,,,,,,,,,,
NIFTY 50,2025-12-04,25981.85,26098.25,25938.95,26033.75,,,,,,,,,,,,,,,2025-12-04,,,,,,,,,26057.388783455404,26018.85896401207,0.0018358417105443499,,,,,,,,,,,,,,,,,
NIFTY 50,2025-12-05,25999.8,26202.6,25985.35,26186.45,,,,,,,,,,,,,,,2025-12-05,,,,,,,,,26100.409188970272,26039.807843510564,0.005848328242029099,,,,,,,,,,,,,,,,,
NIFTY 50,2025-12-08,26159.8,26178.7,25892.25,25960.55,,,,,,,,,,,,,,,2025-12-08,,,,,,,,,26053.789459313517,26029.900613071743,-0.008664023360980337,,,,,,,,,,,,,,,,,
NIFTY 50,2025-12-09,25867.1,25923.65,25728.0,25839.65,,,,,,,,,,,,,,,2025-12-09,,,,,,,,,25982.409639542348,26006.119286437774,-0.004667944121110324,,,,,,,,,,,,,,,,,
NIFTY 50,2025-12-10,25864.05,25947.65,25734.55,25758.0,,,,,,,,,,,,,,,2025-12-10,,,,,,,,,25907.606426361566,25975.10437563305,-0.0031648754605488705,,,,,,,,,,,,,,,,,
NIFTY 50,2025-12-11,25771.4,25922.8,25693.25,25898.55,,,,,,,,,,,,,,,2025-12-11,,,,,,,,,25904.58761757438,25965.535078678917,0.005441724111835208,,,,,,,,,,,,,,,,,
NIFTY 50,2025-12-12,25971.2,26057.6,25938.45,26046.95,,,,,,,,,,,,,,,2025-12-12,,,,,,,,,25952.041745049588,25975.711943844053,0.005713696228777995,,,,,,,,,,,,,,,,,
NIFTY 50,2025-12-15,25930.05,26047.15,25904.75,26027.3,NIFTY,2026-01-27,26238.4,26288.0,26155.0,26268.7,26265.0,26268.7,5558.0,94760.84,1420055.0,20280.0,26027.3,43.0,2025-12-15,,,,,,,,,25977.12783003306,25982.160450863546,-0.000754691654038437,,0.009274876764013227,,,,,,,,,,,,,,,
NIFTY 50,2025-12-16,25951.5,25980.75,25834.35,25860.1,NIFTY,2026-01-27,26211.0,26228.6,26099.0,26112.9,26099.0,26112.9,6078.0,103303.06,1501825.0,81770.0,25860.1,42.0,2025-12-16,,,,,,,,,25938.118553355376,25966.902894505605,-0.006444746844794009,-0.005948671267655721,0.009775677588253833,,,,,,,,,,,,,,,
NIFTY 50,2025-12-17,25902.4,25929.15,25770.35,25818.55,NIFTY,2026-01-27,26125.0,26164.8,26026.0,26061.8,26071.0,26061.8,5083.0,86144.48,1585935.0,84110.0,25818.55,41.0,2025-12-17,,,,,,,,,25898.262368903583,25948.358782692405,-0.0016080144877245483,-0.001958804414356548,0.00942152057338619,,,,,,,,,,,,,,,
NIFTY 50,2025-12-18,25764.7,25902.35,25726.3,25815.55,NIFTY,2026-01-27,26019.1,26135.0,25975.1,26049.1,26045.0,26049.1,6025.0,102058.53,1644240.0,58305.0,25815.55,40.0,2025-12-18,,,,,,,,,25870.691579269056,25931.757684855853,-0.00011620227730800423,-0.00048742202692489693,0.00904687291186898,,,,,,,,,,,,,,,
NIFTY 50,2025-12-19,25911.5,25993.35,25880.45,25966.4,NIFTY,2026-01-27,26120.0,26200.0,26103.5,26190.0,26195.0,26190.0,7626.0,129709.56,1721785.0,77545.0,25966.4,39.0,2025-12-19,,,,,,,,,25902.594386179375,25936.087974248872,0.005826371032253734,0.0053944398614108975,0.008611128227247463,,,,,,,,,,,,,,,
NIFTY 50,2025-12-22,26055.85,26180.7,26047.8,26172.4,NIFTY,2026-01-27,26289.8,26383.9,26262.1,26377.4,26382.0,26377.4,14374.0,246228.8,2054585.0,332800.0,26172.4,36.0,2025-12-22,,,,,,,,,25992.529590786253,25965.626977467764,0.007902025820313957,0.007129924397455894,0.00783267869969892,,,,,,,,,,,,,,,
NIFTY 50,2025-12-23,26205.2,26233.55,26119.05,26177.15,NIFTY,2026-01-27,26382.9,26440.0,26343.0,26392.8,26387.0,26392.8,13809.0,236921.77,2453230.0,398645.0,26177.15,35.0,2025-12-23,,,,,,,,,26054.06972719084,25992.067355284293,0.00018147242958299996,0.0005836627656207343,0.008238100786372764,,,,,,,,,,,,,,,
NIFTY 50,2025-12-24,26170.65,26236.4,26123.0,26142.1,NIFTY,2026-01-27,26399.0,26448.0,26337.5,26351.9,26345.0,26351.9,22454.0,385032.16,3225690.0,772460.0,26142.1,34.0,2025-12-24,,,,,,,,,26083.41315146056,26010.821435873757,-0.0013398512113031755,-0.001550867032997893,0.008025369040742822,,,,,,,,,,,,,,,
NIFTY 50,2025-12-26,26121.25,26144.2,26008.6,26042.3,NIFTY,2026-01-27,26330.0,26330.0,26213.0,26234.5,26236.0,26234.5,59051.0,1007368.32,5500625.0,2274935.0,26042.3,32.0,2025-12-26,,,,,,,,,26069.708767640375,26014.756256389537,-0.0038249025253447363,-0.004465040202264611,0.007380300511091598,,,,,,,,,,,,,,,
NIFTY 50,2025-12-29,26063.35,26106.8,25920.3,25942.1,NIFTY,2026-01-27,26231.0,26272.0,26101.0,26121.3,26119.0,26121.3,95106.0,1617025.91,9451585.0,3950960.0,25942.1,29.0,2025-12-29,,,,,,,,,26027.17251176025,26005.674224340844,-0.0038550074287673655,-0.0043242649867395715,0.006907690587886129,,,,,,,,,,,,,,,
NIFTY 50,2025-12-30,25940.9,25976.75,25878.0,25938.85,NIFTY,2026-01-27,26098.0,26144.4,26040.3,26118.8,26135.0,26118.8,110194.0,1868804.8,13958490.0,4506905.0,25938.85,28.0,2025-12-30,,,,,,,,,25997.731674506835,25997.32119629824,-0.00012528683473419944,-9.571191486646548e-05,0.006937470242512707,,,,,,,,,,,,,,,
NIFTY 50,2025-12-31,25971.05,26187.95,25969.0,26129.6,NIFTY,2026-01-27,26145.0,26325.0,26130.2,26296.3,26304.8,26296.3,72942.0,1243966.91,14026480.0,67990.0,26129.6,27.0,2025-12-31,,,,,,,,,26041.687783004556,26013.85604676096,0.007326926511113775,0.006772883330263791,0.006379737921743951,,,,,,,,,,,,,,,
NIFTY 50,2026-01-01,26173.3,26197.55,26113.4,26146.55,NIFTY,2026-01-27,26332.0,26339.6,26261.0,26290.4,26291.0,26290.4,31319.0,535383.45,14003665.0,-22815.0,26146.55,26.0,2026-01-01,,,,,,,,,26076.641855336373,26030.44279091584,0.0006484793005603324,-0.00022439133943583057,0.005501681866250124,,,,,,,,,,,,,,,
NIFTY 50,2026-01-02,26155.1,26340.0,26118.4,26328.55,NIFTY,2026-01-27,26306.0,26480.0,26306.0,26455.4,26478.3,26455.4,64091.0,1100289.95,13702000.0,-301665.0,26328.55,25.0,2026-01-02,,,,,,,,,26160.611236890916,26067.70619205136,0.006936651088835027,0.006256442720252208,0.004817963769368316,,,,,,,,,,,,,,,
NIFTY 50,2026-01-05,26333.7,26373.2,26210.05,26250.3,NIFTY,2026-01-27,26500.0,26510.0,26308.5,26331.3,26329.0,26331.3,79485.0,1363871.06,13845715.0,143715.0,26250.3,22.0,2026-01-05,,,,,,,,,26190.50749126061,26090.53041804494,-0.0029764841859812588,-0.004701950629116747,0.003085679020811191,,,,,,,,,,,,,,,
NIFTY 50,2026-01-06,26189.7,26273.95,26124.75,26178.7,NIFTY,2026-01-27,26354.0,26399.0,26255.0,26285.1,26281.9,26285.1,66623.0,1139490.88,14064115.0,218400.0,26178.7,21.0,2026-01-06,,,,,,,,,26186.57166084041,26101.55161578932,-0.0027313145210397867,-0.0017561069124097759,0.004064372944416561,,,,,,,,,,,,,,,
NIFTY 50,2026-01-07,26143.1,26187.15,26067.9,26140.75,NIFTY,2026-01-27,26234.9,26298.0,26186.0,26235.3,26237.9,26235.3,54920.0,936498.06,14074125.0,10010.0,26140.75,20.0,2026-01-07,,,,,,,,,26171.29777389361,26106.451413815656,-0.0014507035779470466,-0.0018964065363129014,0.003616958197450313,,,,,,,,,,,,,,,
NIFTY 50,2026-01-08,26106.5,26133.2,25858.45,25876.85,NIFTY,2026-01-27,26190.0,26210.0,25965.0,25985.6,25965.0,25985.6,106366.0,1802312.3,16262220.0,2188095.0,25876.85,19.0,2026-01-08,,,,,,,,,26073.148515929075,26077.751237088698,-0.010146652830525118,-0.00956329374086822,0.00420259807511347,,,,,,,,,,,,,,,
NIFTY 50,2026-01-09,25840.4,25940.6,25623.0,25683.3,NIFTY,2026-01-27,25966.0,26031.6,25725.0,25788.3,25810.8,25788.3,89699.0,1507538.52,16876470.0,614250.0,25683.3,18.0,2026-01-09,,,,,,,,,25943.199010619384,26028.44483245261,-0.0075077713756043106,-0.007621637739671825,0.004088259686255271,,,,,,,,,,,,,,,
NIFTY 50,2026-01-12,25669.05,25813.15,25473.4,25790.25,NIFTY,2026-01-27,25770.0,25899.0,25573.2,25876.0,25880.0,25876.0,121833.0,2038827.8,16816150.0,-58013.0,25790.25,15.0,2026-01-12,,,,,,,,,25892.21600707959,25998.670478396034,0.004155538287351518,0.0033949974832096024,0.0033248999137270867,,,,,,,,,,,,,,,
NIFTY 50,2026-01-13,25897.35,25899.8,25603.3,25732.3,NIFTY,2026-01-27,25911.0,25934.8,25661.1,25790.8,25780.4,25790.8,87482.0,1466541.07,17029220.0,213070.0,25732.3,14.0,2026-01-13,,,,,,,,,25838.910671386395,25965.37416859653,-0.002249501410035875,-0.0032980589944823064,0.002273407351849621,,,,,,,,,,,,,,,
NIFTY 50,2026-01-14,25648.55,25791.75,25603.95,25665.6,NIFTY,2026-01-27,25750.1,25850.0,25670.0,25719.0,25728.0,25719.0,70661.0,1182853.41,17014660.0,-14560.0,25665.6,13.0,2026-01-14,,,,,,,,,25781.14044759093,25927.902397521964,-0.0025954382355152226,-0.0027878208225281947,0.0020806059472602027,,,,,,,,,,,,,,,
